condition,appearances,participants,wins,win_rate,avg_rating,rating_sd
baseline,139,65,91.0,0.6546762589928058,7.525179856115108,2.2306525179469725
body,145,57,53.0,0.36551724137931035,6.43448275862069,2.223029068084332
full,143,62,78.0,0.5454545454545454,6.825174825174825,2.2180904276600755
mind,143,66,83.0,0.5804195804195804,7.34965034965035,2.0323397369684884
soul,150,65,55.0,0.36666666666666664,6.286666666666667,2.277219152684087
